id,gender,identity,call,wuguan,bachelor,master,phd,china,otherCountry,paotui,dangjiu,dasao,zhaogu,lunwen,otherThing,xing,tianbiao,period,frequency,disturbance,feeling,friend,parent,teacher,school,noHelp,otherHelp,bear,revolt,punish,revenge,otherFeedback,satisfy,score,around,total
13,3,3,3,1,1,1,1,1,1,0,0,0,0,0,0,1,0,4,4,1,fuck u ass,0,0,0,0,0,1,0,0,0,0,1,3,1,1,1
27,2,2,1,1,0,1,0,1,0,0,0,0,0,1,0,0,0,4,1,1,不想做却不得不做,1,0,0,0,0,0,1,0,0,0,0,2,3,1,3
37,1,1,1,1,1,0,0,1,0,0,0,0,0,1,0,0,0,4,3,1,抑郁，烦躁，恶心,1,1,0,0,0,0,1,0,0,0,0,3,1,1,1
54,1,1,2,1,0,1,1,1,0,0,0,0,0,1,0,0,1,4,4,1,感觉就是廉价劳动力，完全是背后的工作者，没有任何回报。,1,1,0,0,0,0,1,0,0,0,0,3,1,1,1
58,2,1,2,1,0,1,0,1,0,0,0,0,0,1,0,0,1,4,4,1,烦躁、压力大、压抑,1,0,0,0,0,0,0,1,0,0,0,2,1,1,1
76,1,1,1,1,1,0,0,1,0,1,0,0,0,1,0,0,0,2,1,1,很烦,1,0,0,0,0,0,1,0,0,0,0,2,3,1,3
82,1,2,2,1,0,1,1,1,0,0,0,0,0,1,0,0,0,1,3,1,无奈，忍，烦躁,1,0,0,0,0,0,1,0,0,0,0,2,2,1,2
105,2,1,1,1,1,0,0,1,0,0,0,0,0,0,0,0,1,3,1,1,有苦难言,1,1,0,0,0,0,1,0,0,0,0,2,3,2,3
110,2,1,1,1,0,1,0,1,0,0,0,0,0,1,0,0,0,4,1,1,烦，无聊，又无法拒绝,1,1,0,0,0,0,1,0,0,0,0,2,3,1,3
125,2,2,1,1,1,0,0,1,0,0,0,0,0,1,0,0,0,2,2,1,(空),1,0,0,0,0,0,1,0,0,0,0,3,3,1,3
136,2,1,1,1,0,1,0,1,0,1,0,1,0,1,0,0,0,4,3,1,恶心，痛苦，失落，无助,1,1,0,0,0,0,1,0,0,1,0,2,1,1,1
143,2,1,2,1,0,1,0,1,0,1,0,0,0,1,0,0,0,2,1,1,烦 诚惶诚恐 不想干,1,0,0,0,0,0,1,1,0,0,0,2,3,1,3
147,2,1,1,1,1,1,0,1,0,0,0,1,1,1,0,0,0,2,1,1,无奈,1,1,0,0,0,0,1,0,0,0,0,2,3,1,3
161,2,1,2,1,0,1,0,1,0,0,0,0,0,1,0,0,0,4,2,1,烦躁,1,1,1,0,0,0,1,0,0,0,0,3,2,1,2
177,2,2,1,1,0,1,0,1,0,0,1,0,0,1,0,0,0,3,3,1,(空),1,0,1,0,0,0,0,0,0,1,0,3,2,3,2
179,2,1,2,1,0,1,0,1,0,0,0,0,0,0,1,0,0,1,3,1,无奈 心烦 压抑,1,1,0,0,0,0,1,0,0,0,0,3,3,1,3
227,2,1,1,1,1,0,0,1,0,1,0,1,0,0,0,0,0,3,1,1,都是些杂活，浪费自己的时间，老师也总是呼之即来，没有拒绝的余地,1,0,0,0,0,0,1,0,0,0,0,2,3,1,3
250,1,1,2,1,1,0,1,1,0,0,0,0,0,1,0,0,0,1,2,1,烦，累，生气,1,0,0,0,0,0,1,0,0,0,0,2,3,1,3
276,1,1,3,1,0,1,0,1,0,1,1,1,1,1,1,0,0,2,3,1,压制，渴望自由，自杀，逃避，消极,1,1,0,0,0,0,1,0,0,0,0,2,1,1,1
293,1,1,3,1,0,1,0,1,0,0,0,0,0,1,0,0,0,3,2,1,烦人,1,0,0,0,0,0,1,0,0,0,0,1,1,1,1
302,2,1,1,1,0,1,0,1,0,1,0,0,0,1,0,0,0,1,2,1,麻烦  不相关 不感兴趣,1,0,0,0,0,0,0,1,0,0,0,2,3,3,3
314,3,3,2,1,0,1,1,1,0,1,1,1,1,1,1,0,0,4,4,1,mmp,1,0,0,0,0,0,1,1,0,1,0,3,1,1,1
331,2,1,3,1,1,0,0,1,0,1,0,0,0,1,0,0,0,2,1,1,(空),1,0,0,0,0,0,1,0,1,0,0,2,3,1,3
350,2,2,3,1,1,0,0,1,0,0,0,0,0,1,0,0,0,4,2,1,(空),1,0,0,0,0,0,1,0,0,0,0,2,3,1,3
373,2,2,1,1,0,1,0,1,0,0,0,0,1,0,0,0,0,2,2,1,(空),1,0,0,0,0,0,1,1,0,0,0,1,4,1,4
43,1,1,2,1,0,1,0,1,0,1,0,0,0,1,0,0,0,1,3,1,(空),0,0,0,0,1,0,900,900,900,900,900,900,2,1,2
49,1,2,1,1,1,0,0,1,0,0,1,0,0,1,0,0,0,3,2,1,心中有一句mmp,0,0,0,0,1,0,900,900,900,900,900,900,2,1,2
63,1,2,1,1,0,1,0,1,0,1,1,1,1,1,0,0,0,2,4,1,崩溃压抑崩溃,0,0,0,0,1,0,900,900,900,900,900,900,1,1,1
99,2,1,2,1,1,1,0,1,0,0,1,1,0,1,0,0,0,3,3,1,想吃100个鸡腿,0,0,0,0,1,0,900,900,900,900,900,900,3,1,3
123,2,1,1,1,1,0,0,1,0,1,0,0,0,0,0,0,0,2,1,1,很烦,0,0,0,0,1,0,900,900,900,900,900,900,3,1,3
141,1,1,1,1,0,1,0,1,0,0,0,0,0,0,1,0,0,4,2,1,浪费时间，不情愿，累，无力反抗，巴结,0,0,0,0,1,0,900,900,900,900,900,900,2,1,2
146,1,1,1,1,0,1,0,1,0,1,0,0,0,1,0,0,0,4,2,1,(空),0,0,0,0,1,0,900,900,900,900,900,900,4,1,4
180,1,1,1,1,1,1,0,1,0,0,0,0,0,1,0,0,0,3,2,1,(空),0,0,0,0,1,0,900,900,900,900,900,900,4,1,4
205,1,1,1,1,0,1,0,1,0,1,1,0,0,1,0,0,0,3,3,1,厌恶，不得不，反感,0,0,0,0,1,0,900,900,900,900,900,900,1,1,1
238,2,1,2,1,0,1,0,1,0,1,0,0,1,0,0,0,0,1,2,1,烦 累 紧张,0,0,0,0,1,0,900,900,900,900,900,900,3,1,3
239,1,1,1,1,1,0,0,1,0,0,0,0,0,1,0,0,0,3,2,1,无奈，不敢拒绝，,0,0,0,0,1,0,900,900,900,900,900,900,3,1,3
266,1,1,2,1,0,0,1,1,0,0,0,0,0,1,0,0,0,3,2,1,(空),0,0,0,0,1,0,900,900,900,900,900,900,3,1,3
303,2,2,1,1,1,0,0,1,0,0,0,0,0,0,0,0,1,2,1,1,关我什么事,0,0,0,0,1,0,900,900,900,900,900,900,3,1,3
2,2,2,1,2,900,900,900,900,900,900,900,900,900,900,900,900,900,900,900,900,900,900,900,900,900,900,900,900,900,900,900,900,900,5,2,5
3,1,2,1,2,900,900,900,900,900,900,900,900,900,900,900,900,900,900,900,900,900,900,900,900,900,900,900,900,900,900,900,900,900,4,2,4
4,2,1,3,1,1,0,0,1,0,0,0,0,0,1,0,0,1,4,1,2,900,900,900,900,900,900,900,900,900,900,900,900,900,3,1,3
5,2,2,1,2,900,900,900,900,900,900,900,900,900,900,900,900,900,900,900,900,900,900,900,900,900,900,900,900,900,900,900,900,900,5,1,5
6,2,1,1,2,900,900,900,900,900,900,900,900,900,900,900,900,900,900,900,900,900,900,900,900,900,900,900,900,900,900,900,900,900,2,1,2
7,2,1,1,2,900,900,900,900,900,900,900,900,900,900,900,900,900,900,900,900,900,900,900,900,900,900,900,900,900,900,900,900,900,3,3,3
8,1,2,1,2,900,900,900,900,900,900,900,900,900,900,900,900,900,900,900,900,900,900,900,900,900,900,900,900,900,900,900,900,900,5,1,5
9,2,1,3,2,900,900,900,900,900,900,900,900,900,900,900,900,900,900,900,900,900,900,900,900,900,900,900,900,900,900,900,900,900,4,2,4
10,2,2,1,1,1,0,0,1,0,0,0,0,1,1,0,0,0,3,1,2,900,900,900,900,900,900,900,900,900,900,900,900,900,4,2,4
11,2,1,1,2,900,900,900,900,900,900,900,900,900,900,900,900,900,900,900,900,900,900,900,900,900,900,900,900,900,900,900,900,900,3,2,3
12,1,1,1,2,900,900,900,900,900,900,900,900,900,900,900,900,900,900,900,900,900,900,900,900,900,900,900,900,900,900,900,900,900,4,1,4
14,1,2,1,1,1,0,0,1,0,0,0,0,0,0,1,0,0,2,1,2,900,900,900,900,900,900,900,900,900,900,900,900,900,4,2,4
15,1,1,1,2,900,900,900,900,900,900,900,900,900,900,900,900,900,900,900,900,900,900,900,900,900,900,900,900,900,900,900,900,900,2,2,2
16,2,2,2,2,900,900,900,900,900,900,900,900,900,900,900,900,900,900,900,900,900,900,900,900,900,900,900,900,900,900,900,900,900,5,2,5
17,2,1,1,2,900,900,900,900,900,900,900,900,900,900,900,900,900,900,900,900,900,900,900,900,900,900,900,900,900,900,900,900,900,3,2,3
18,2,2,1,1,0,1,0,1,0,1,0,0,0,0,0,0,0,1,1,2,900,900,900,900,900,900,900,900,900,900,900,900,900,4,1,4
19,2,1,1,2,900,900,900,900,900,900,900,900,900,900,900,900,900,900,900,900,900,900,900,900,900,900,900,900,900,900,900,900,900,3,3,3
20,2,1,2,2,900,900,900,900,900,900,900,900,900,900,900,900,900,900,900,900,900,900,900,900,900,900,900,900,900,900,900,900,900,4,1,4
21,1,2,1,2,900,900,900,900,900,900,900,900,900,900,900,900,900,900,900,900,900,900,900,900,900,900,900,900,900,900,900,900,900,4,2,4
22,1,1,1,1,1,0,0,1,0,1,1,1,1,1,0,0,0,1,1,2,900,900,900,900,900,900,900,900,900,900,900,900,900,3,1,3
23,2,1,1,2,900,900,900,900,900,900,900,900,900,900,900,900,900,900,900,900,900,900,900,900,900,900,900,900,900,900,900,900,900,3,2,3
24,1,1,1,1,1,0,0,1,0,0,0,0,0,1,0,0,0,2,2,2,900,900,900,900,900,900,900,900,900,900,900,900,900,4,2,4
25,1,1,1,1,1,1,1,1,0,1,0,0,0,1,0,0,0,1,1,2,900,900,900,900,900,900,900,900,900,900,900,900,900,4,1,4
26,1,1,1,2,900,900,900,900,900,900,900,900,900,900,900,900,900,900,900,900,900,900,900,900,900,900,900,900,900,900,900,900,900,4,1,4
28,2,1,1,1,1,0,0,1,0,0,0,0,1,0,0,0,0,1,1,2,900,900,900,900,900,900,900,900,900,900,900,900,900,3,1,3
29,1,1,1,1,1,0,0,1,0,0,0,0,0,0,1,0,0,1,1,2,900,900,900,900,900,900,900,900,900,900,900,900,900,4,2,4
30,2,2,1,1,0,1,0,1,0,0,0,0,0,1,0,0,0,3,1,2,900,900,900,900,900,900,900,900,900,900,900,900,900,4,1,4
31,2,1,1,1,1,0,0,1,0,0,0,0,0,1,0,0,0,2,2,2,900,900,900,900,900,900,900,900,900,900,900,900,900,2,1,2
32,2,1,1,2,900,900,900,900,900,900,900,900,900,900,900,900,900,900,900,900,900,900,900,900,900,900,900,900,900,900,900,900,900,3,1,3
34,2,1,3,2,900,900,900,900,900,900,900,900,900,900,900,900,900,900,900,900,900,900,900,900,900,900,900,900,900,900,900,900,900,3,2,3
35,2,1,1,2,900,900,900,900,900,900,900,900,900,900,900,900,900,900,900,900,900,900,900,900,900,900,900,900,900,900,900,900,900,4,2,4
36,2,1,3,2,900,900,900,900,900,900,900,900,900,900,900,900,900,900,900,900,900,900,900,900,900,900,900,900,900,900,900,900,900,4,2,4
38,1,1,3,1,1,0,0,1,0,0,0,0,0,0,1,0,0,2,1,2,900,900,900,900,900,900,900,900,900,900,900,900,900,5,2,5
39,1,1,1,2,900,900,900,900,900,900,900,900,900,900,900,900,900,900,900,900,900,900,900,900,900,900,900,900,900,900,900,900,900,3,3,3
40,2,2,1,2,900,900,900,900,900,900,900,900,900,900,900,900,900,900,900,900,900,900,900,900,900,900,900,900,900,900,900,900,900,5,2,5
41,1,2,1,2,900,900,900,900,900,900,900,900,900,900,900,900,900,900,900,900,900,900,900,900,900,900,900,900,900,900,900,900,900,5,2,5
42,1,1,1,2,900,900,900,900,900,900,900,900,900,900,900,900,900,900,900,900,900,900,900,900,900,900,900,900,900,900,900,900,900,4,2,4
44,1,2,1,2,900,900,900,900,900,900,900,900,900,900,900,900,900,900,900,900,900,900,900,900,900,900,900,900,900,900,900,900,900,4,1,4
45,2,1,3,2,900,900,900,900,900,900,900,900,900,900,900,900,900,900,900,900,900,900,900,900,900,900,900,900,900,900,900,900,900,5,2,5
46,2,2,1,1,0,0,1,1,0,0,1,0,1,0,0,0,0,3,1,2,900,900,900,900,900,900,900,900,900,900,900,900,900,5,2,5
47,1,1,1,1,0,1,0,1,0,0,0,0,0,0,1,0,0,2,2,2,900,900,900,900,900,900,900,900,900,900,900,900,900,5,2,5
48,1,2,2,2,900,900,900,900,900,900,900,900,900,900,900,900,900,900,900,900,900,900,900,900,900,900,900,900,900,900,900,900,900,1,1,1
50,1,2,1,1,0,1,0,1,0,0,0,0,0,1,0,0,0,2,2,2,900,900,900,900,900,900,900,900,900,900,900,900,900,5,2,5
51,1,1,1,2,900,900,900,900,900,900,900,900,900,900,900,900,900,900,900,900,900,900,900,900,900,900,900,900,900,900,900,900,900,5,2,5
52,1,2,1,2,900,900,900,900,900,900,900,900,900,900,900,900,900,900,900,900,900,900,900,900,900,900,900,900,900,900,900,900,900,4,2,4
53,1,2,3,2,900,900,900,900,900,900,900,900,900,900,900,900,900,900,900,900,900,900,900,900,900,900,900,900,900,900,900,900,900,5,2,5
55,2,1,1,2,900,900,900,900,900,900,900,900,900,900,900,900,900,900,900,900,900,900,900,900,900,900,900,900,900,900,900,900,900,5,2,5
56,2,2,1,2,900,900,900,900,900,900,900,900,900,900,900,900,900,900,900,900,900,900,900,900,900,900,900,900,900,900,900,900,900,3,2,3
57,2,1,3,2,900,900,900,900,900,900,900,900,900,900,900,900,900,900,900,900,900,900,900,900,900,900,900,900,900,900,900,900,900,3,3,3
59,2,1,1,2,900,900,900,900,900,900,900,900,900,900,900,900,900,900,900,900,900,900,900,900,900,900,900,900,900,900,900,900,900,4,2,4
60,1,2,1,2,900,900,900,900,900,900,900,900,900,900,900,900,900,900,900,900,900,900,900,900,900,900,900,900,900,900,900,900,900,4,2,4
61,1,1,3,1,1,0,0,1,0,0,0,1,0,0,0,0,0,1,1,2,900,900,900,900,900,900,900,900,900,900,900,900,900,5,1,5
64,2,2,1,2,900,900,900,900,900,900,900,900,900,900,900,900,900,900,900,900,900,900,900,900,900,900,900,900,900,900,900,900,900,3,1,3
65,2,2,1,1,0,1,0,1,0,0,0,0,0,0,1,0,0,1,1,2,900,900,900,900,900,900,900,900,900,900,900,900,900,4,2,4
66,1,2,1,1,1,1,0,1,0,1,1,0,0,1,0,0,0,2,2,2,900,900,900,900,900,900,900,900,900,900,900,900,900,4,3,4
67,1,1,1,2,900,900,900,900,900,900,900,900,900,900,900,900,900,900,900,900,900,900,900,900,900,900,900,900,900,900,900,900,900,5,1,5
68,2,2,1,2,900,900,900,900,900,900,900,900,900,900,900,900,900,900,900,900,900,900,900,900,900,900,900,900,900,900,900,900,900,5,2,5
69,1,1,1,1,0,0,1,1,0,0,0,0,1,0,0,0,0,2,1,2,900,900,900,900,900,900,900,900,900,900,900,900,900,5,2,5
70,2,2,1,2,900,900,900,900,900,900,900,900,900,900,900,900,900,900,900,900,900,900,900,900,900,900,900,900,900,900,900,900,900,4,1,4
71,2,1,1,2,900,900,900,900,900,900,900,900,900,900,900,900,900,900,900,900,900,900,900,900,900,900,900,900,900,900,900,900,900,4,2,4
72,2,2,1,1,1,0,0,1,0,0,0,0,0,1,1,0,0,2,1,2,900,900,900,900,900,900,900,900,900,900,900,900,900,3,3,3
73,2,1,3,2,900,900,900,900,900,900,900,900,900,900,900,900,900,900,900,900,900,900,900,900,900,900,900,900,900,900,900,900,900,3,2,3
74,1,2,3,2,900,900,900,900,900,900,900,900,900,900,900,900,900,900,900,900,900,900,900,900,900,900,900,900,900,900,900,900,900,4,2,4
75,2,1,3,1,0,1,0,1,0,0,0,0,0,1,0,0,0,4,1,2,900,900,900,900,900,900,900,900,900,900,900,900,900,4,1,4
77,2,1,1,2,900,900,900,900,900,900,900,900,900,900,900,900,900,900,900,900,900,900,900,900,900,900,900,900,900,900,900,900,900,5,1,5
78,2,2,1,2,900,900,900,900,900,900,900,900,900,900,900,900,900,900,900,900,900,900,900,900,900,900,900,900,900,900,900,900,900,5,1,5
79,1,1,2,2,900,900,900,900,900,900,900,900,900,900,900,900,900,900,900,900,900,900,900,900,900,900,900,900,900,900,900,900,900,5,1,5
80,2,1,1,2,900,900,900,900,900,900,900,900,900,900,900,900,900,900,900,900,900,900,900,900,900,900,900,900,900,900,900,900,900,3,2,3
81,2,2,1,2,900,900,900,900,900,900,900,900,900,900,900,900,900,900,900,900,900,900,900,900,900,900,900,900,900,900,900,900,900,5,2,5
83,2,1,1,1,0,1,0,1,0,0,0,0,0,0,1,0,0,1,1,2,900,900,900,900,900,900,900,900,900,900,900,900,900,3,1,3
84,2,1,1,2,900,900,900,900,900,900,900,900,900,900,900,900,900,900,900,900,900,900,900,900,900,900,900,900,900,900,900,900,900,5,2,5
85,1,2,1,2,900,900,900,900,900,900,900,900,900,900,900,900,900,900,900,900,900,900,900,900,900,900,900,900,900,900,900,900,900,4,2,4
86,1,1,1,2,900,900,900,900,900,900,900,900,900,900,900,900,900,900,900,900,900,900,900,900,900,900,900,900,900,900,900,900,900,4,2,4
87,2,1,1,1,0,1,0,0,1,0,0,0,0,0,0,0,1,1,1,2,900,900,900,900,900,900,900,900,900,900,900,900,900,3,2,3
88,2,1,1,2,900,900,900,900,900,900,900,900,900,900,900,900,900,900,900,900,900,900,900,900,900,900,900,900,900,900,900,900,900,5,2,5
89,2,1,1,1,0,1,0,1,0,1,0,0,0,0,0,0,0,1,1,2,900,900,900,900,900,900,900,900,900,900,900,900,900,2,1,2
90,2,1,3,2,900,900,900,900,900,900,900,900,900,900,900,900,900,900,900,900,900,900,900,900,900,900,900,900,900,900,900,900,900,5,1,5
91,2,1,1,1,1,0,0,1,0,0,0,0,0,1,0,0,0,4,1,2,900,900,900,900,900,900,900,900,900,900,900,900,900,4,2,4
92,1,1,1,2,900,900,900,900,900,900,900,900,900,900,900,900,900,900,900,900,900,900,900,900,900,900,900,900,900,900,900,900,900,5,2,5
93,1,2,1,2,900,900,900,900,900,900,900,900,900,900,900,900,900,900,900,900,900,900,900,900,900,900,900,900,900,900,900,900,900,3,1,3
94,2,1,1,2,900,900,900,900,900,900,900,900,900,900,900,900,900,900,900,900,900,900,900,900,900,900,900,900,900,900,900,900,900,3,2,3
95,2,2,1,1,0,1,0,1,0,0,0,0,0,0,1,0,0,1,1,2,900,900,900,900,900,900,900,900,900,900,900,900,900,5,2,5
96,2,2,1,2,900,900,900,900,900,900,900,900,900,900,900,900,900,900,900,900,900,900,900,900,900,900,900,900,900,900,900,900,900,4,1,4
97,1,1,1,2,900,900,900,900,900,900,900,900,900,900,900,900,900,900,900,900,900,900,900,900,900,900,900,900,900,900,900,900,900,5,2,5
98,2,1,1,2,900,900,900,900,900,900,900,900,900,900,900,900,900,900,900,900,900,900,900,900,900,900,900,900,900,900,900,900,900,4,1,4
100,2,1,2,2,900,900,900,900,900,900,900,900,900,900,900,900,900,900,900,900,900,900,900,900,900,900,900,900,900,900,900,900,900,3,1,3
101,2,1,1,2,900,900,900,900,900,900,900,900,900,900,900,900,900,900,900,900,900,900,900,900,900,900,900,900,900,900,900,900,900,5,2,5
102,2,1,1,1,1,0,0,1,0,0,0,0,0,1,0,0,0,1,1,2,900,900,900,900,900,900,900,900,900,900,900,900,900,5,1,5
103,2,1,1,2,900,900,900,900,900,900,900,900,900,900,900,900,900,900,900,900,900,900,900,900,900,900,900,900,900,900,900,900,900,3,2,3
104,2,1,1,2,900,900,900,900,900,900,900,900,900,900,900,900,900,900,900,900,900,900,900,900,900,900,900,900,900,900,900,900,900,3,2,3
106,2,1,1,2,900,900,900,900,900,900,900,900,900,900,900,900,900,900,900,900,900,900,900,900,900,900,900,900,900,900,900,900,900,4,3,4
107,2,2,1,2,900,900,900,900,900,900,900,900,900,900,900,900,900,900,900,900,900,900,900,900,900,900,900,900,900,900,900,900,900,4,2,4
108,2,1,1,1,0,1,0,1,0,0,0,0,0,1,0,0,0,1,1,2,900,900,900,900,900,900,900,900,900,900,900,900,900,2,1,2
109,2,1,1,2,900,900,900,900,900,900,900,900,900,900,900,900,900,900,900,900,900,900,900,900,900,900,900,900,900,900,900,900,900,3,2,3
111,2,2,1,1,1,1,0,1,0,1,0,0,0,1,0,0,0,2,1,2,900,900,900,900,900,900,900,900,900,900,900,900,900,4,1,4
112,1,2,1,2,900,900,900,900,900,900,900,900,900,900,900,900,900,900,900,900,900,900,900,900,900,900,900,900,900,900,900,900,900,5,1,5
113,2,2,1,2,900,900,900,900,900,900,900,900,900,900,900,900,900,900,900,900,900,900,900,900,900,900,900,900,900,900,900,900,900,4,3,4
114,2,1,1,2,900,900,900,900,900,900,900,900,900,900,900,900,900,900,900,900,900,900,900,900,900,900,900,900,900,900,900,900,900,5,2,5
115,2,2,1,2,900,900,900,900,900,900,900,900,900,900,900,900,900,900,900,900,900,900,900,900,900,900,900,900,900,900,900,900,900,3,2,3
116,2,2,1,2,900,900,900,900,900,900,900,900,900,900,900,900,900,900,900,900,900,900,900,900,900,900,900,900,900,900,900,900,900,3,1,3
117,1,2,1,1,1,0,0,1,0,0,0,0,0,0,1,0,0,1,1,2,900,900,900,900,900,900,900,900,900,900,900,900,900,5,3,5
118,2,2,1,2,900,900,900,900,900,900,900,900,900,900,900,900,900,900,900,900,900,900,900,900,900,900,900,900,900,900,900,900,900,4,2,4
119,1,2,1,2,900,900,900,900,900,900,900,900,900,900,900,900,900,900,900,900,900,900,900,900,900,900,900,900,900,900,900,900,900,3,3,3
120,2,2,1,2,900,900,900,900,900,900,900,900,900,900,900,900,900,900,900,900,900,900,900,900,900,900,900,900,900,900,900,900,900,3,1,3
121,2,2,2,2,900,900,900,900,900,900,900,900,900,900,900,900,900,900,900,900,900,900,900,900,900,900,900,900,900,900,900,900,900,5,2,5
122,2,2,1,2,900,900,900,900,900,900,900,900,900,900,900,900,900,900,900,900,900,900,900,900,900,900,900,900,900,900,900,900,900,5,3,5
124,1,2,1,1,1,0,0,1,0,0,0,0,0,1,0,0,0,4,2,2,900,900,900,900,900,900,900,900,900,900,900,900,900,4,1,4
126,2,1,1,2,900,900,900,900,900,900,900,900,900,900,900,900,900,900,900,900,900,900,900,900,900,900,900,900,900,900,900,900,900,4,1,4
127,2,2,1,2,900,900,900,900,900,900,900,900,900,900,900,900,900,900,900,900,900,900,900,900,900,900,900,900,900,900,900,900,900,5,2,5
128,1,1,2,1,0,1,0,1,0,1,0,0,0,1,0,0,0,2,2,2,900,900,900,900,900,900,900,900,900,900,900,900,900,3,1,3
129,2,1,2,1,0,1,0,1,0,0,0,0,1,1,0,0,0,1,2,2,900,900,900,900,900,900,900,900,900,900,900,900,900,3,1,3
130,2,2,3,2,900,900,900,900,900,900,900,900,900,900,900,900,900,900,900,900,900,900,900,900,900,900,900,900,900,900,900,900,900,3,3,3
131,2,1,1,2,900,900,900,900,900,900,900,900,900,900,900,900,900,900,900,900,900,900,900,900,900,900,900,900,900,900,900,900,900,5,2,5
132,2,1,1,1,0,1,0,1,0,1,0,0,0,0,0,0,0,1,1,2,900,900,900,900,900,900,900,900,900,900,900,900,900,3,3,3
133,2,2,1,2,900,900,900,900,900,900,900,900,900,900,900,900,900,900,900,900,900,900,900,900,900,900,900,900,900,900,900,900,900,5,2,5
134,1,1,1,2,900,900,900,900,900,900,900,900,900,900,900,900,900,900,900,900,900,900,900,900,900,900,900,900,900,900,900,900,900,5,1,5
135,2,1,1,2,900,900,900,900,900,900,900,900,900,900,900,900,900,900,900,900,900,900,900,900,900,900,900,900,900,900,900,900,900,4,1,4
137,2,1,1,2,900,900,900,900,900,900,900,900,900,900,900,900,900,900,900,900,900,900,900,900,900,900,900,900,900,900,900,900,900,5,3,5
138,2,2,1,2,900,900,900,900,900,900,900,900,900,900,900,900,900,900,900,900,900,900,900,900,900,900,900,900,900,900,900,900,900,5,1,5
139,1,1,1,2,900,900,900,900,900,900,900,900,900,900,900,900,900,900,900,900,900,900,900,900,900,900,900,900,900,900,900,900,900,5,2,5
140,2,2,1,1,0,1,0,1,0,0,0,0,0,0,1,0,0,2,1,2,900,900,900,900,900,900,900,900,900,900,900,900,900,4,2,4
142,2,2,1,1,1,0,0,1,0,0,0,0,0,1,0,0,0,2,1,2,900,900,900,900,900,900,900,900,900,900,900,900,900,4,3,4
144,2,1,1,1,1,0,0,1,0,0,0,0,0,1,0,0,0,1,2,2,900,900,900,900,900,900,900,900,900,900,900,900,900,4,1,4
145,1,2,1,2,900,900,900,900,900,900,900,900,900,900,900,900,900,900,900,900,900,900,900,900,900,900,900,900,900,900,900,900,900,4,2,4
148,1,2,2,1,0,1,0,0,1,0,0,0,0,0,1,0,0,1,1,2,900,900,900,900,900,900,900,900,900,900,900,900,900,4,2,4
149,2,1,1,2,900,900,900,900,900,900,900,900,900,900,900,900,900,900,900,900,900,900,900,900,900,900,900,900,900,900,900,900,900,5,2,5
150,2,1,3,2,900,900,900,900,900,900,900,900,900,900,900,900,900,900,900,900,900,900,900,900,900,900,900,900,900,900,900,900,900,3,3,3
151,2,2,1,2,900,900,900,900,900,900,900,900,900,900,900,900,900,900,900,900,900,900,900,900,900,900,900,900,900,900,900,900,900,4,2,4
152,2,1,1,2,900,900,900,900,900,900,900,900,900,900,900,900,900,900,900,900,900,900,900,900,900,900,900,900,900,900,900,900,900,3,1,3
153,2,1,1,2,900,900,900,900,900,900,900,900,900,900,900,900,900,900,900,900,900,900,900,900,900,900,900,900,900,900,900,900,900,3,1,3
154,1,1,1,2,900,900,900,900,900,900,900,900,900,900,900,900,900,900,900,900,900,900,900,900,900,900,900,900,900,900,900,900,900,4,2,4
155,1,2,1,1,1,0,0,1,0,1,0,0,0,0,0,0,0,1,1,2,900,900,900,900,900,900,900,900,900,900,900,900,900,5,3,5
156,2,1,1,2,900,900,900,900,900,900,900,900,900,900,900,900,900,900,900,900,900,900,900,900,900,900,900,900,900,900,900,900,900,3,1,3
157,2,2,1,1,1,0,0,1,0,1,1,0,0,1,0,0,0,2,2,2,900,900,900,900,900,900,900,900,900,900,900,900,900,4,3,4
158,1,1,1,2,900,900,900,900,900,900,900,900,900,900,900,900,900,900,900,900,900,900,900,900,900,900,900,900,900,900,900,900,900,3,1,3
159,2,2,1,2,900,900,900,900,900,900,900,900,900,900,900,900,900,900,900,900,900,900,900,900,900,900,900,900,900,900,900,900,900,4,2,4
160,2,1,1,2,900,900,900,900,900,900,900,900,900,900,900,900,900,900,900,900,900,900,900,900,900,900,900,900,900,900,900,900,900,3,1,3
162,1,2,1,2,900,900,900,900,900,900,900,900,900,900,900,900,900,900,900,900,900,900,900,900,900,900,900,900,900,900,900,900,900,4,2,4
163,2,2,1,1,1,0,0,1,0,0,1,1,1,1,0,0,0,4,2,2,900,900,900,900,900,900,900,900,900,900,900,900,900,4,2,4
164,2,2,1,1,1,0,0,1,0,0,0,1,0,1,0,0,0,3,1,2,900,900,900,900,900,900,900,900,900,900,900,900,900,4,1,4
165,2,1,1,1,0,1,0,1,0,0,0,0,0,1,0,0,0,1,1,2,900,900,900,900,900,900,900,900,900,900,900,900,900,4,1,4
166,2,1,3,2,900,900,900,900,900,900,900,900,900,900,900,900,900,900,900,900,900,900,900,900,900,900,900,900,900,900,900,900,900,4,1,4
167,2,2,1,2,900,900,900,900,900,900,900,900,900,900,900,900,900,900,900,900,900,900,900,900,900,900,900,900,900,900,900,900,900,4,2,4
168,2,1,1,2,900,900,900,900,900,900,900,900,900,900,900,900,900,900,900,900,900,900,900,900,900,900,900,900,900,900,900,900,900,3,2,3
169,2,1,3,2,900,900,900,900,900,900,900,900,900,900,900,900,900,900,900,900,900,900,900,900,900,900,900,900,900,900,900,900,900,5,2,5
170,1,2,1,2,900,900,900,900,900,900,900,900,900,900,900,900,900,900,900,900,900,900,900,900,900,900,900,900,900,900,900,900,900,1,2,1
171,2,1,1,2,900,900,900,900,900,900,900,900,900,900,900,900,900,900,900,900,900,900,900,900,900,900,900,900,900,900,900,900,900,4,2,4
172,2,1,1,2,900,900,900,900,900,900,900,900,900,900,900,900,900,900,900,900,900,900,900,900,900,900,900,900,900,900,900,900,900,5,3,5
173,2,1,1,2,900,900,900,900,900,900,900,900,900,900,900,900,900,900,900,900,900,900,900,900,900,900,900,900,900,900,900,900,900,5,1,5
174,1,1,1,1,0,1,0,1,0,1,0,0,0,0,1,0,0,1,1,2,900,900,900,900,900,900,900,900,900,900,900,900,900,4,1,4
175,1,2,1,2,900,900,900,900,900,900,900,900,900,900,900,900,900,900,900,900,900,900,900,900,900,900,900,900,900,900,900,900,900,5,2,5
176,2,2,3,2,900,900,900,900,900,900,900,900,900,900,900,900,900,900,900,900,900,900,900,900,900,900,900,900,900,900,900,900,900,4,1,4
178,2,1,1,1,0,0,1,1,0,1,0,0,0,0,0,0,0,2,1,2,900,900,900,900,900,900,900,900,900,900,900,900,900,5,2,5
181,1,2,1,2,900,900,900,900,900,900,900,900,900,900,900,900,900,900,900,900,900,900,900,900,900,900,900,900,900,900,900,900,900,5,2,5
182,1,1,1,1,1,0,0,1,0,0,0,1,0,0,0,0,0,2,2,2,900,900,900,900,900,900,900,900,900,900,900,900,900,1,1,1
183,1,1,1,2,900,900,900,900,900,900,900,900,900,900,900,900,900,900,900,900,900,900,900,900,900,900,900,900,900,900,900,900,900,3,2,3
184,1,1,1,1,1,0,0,1,0,0,0,1,0,0,0,0,0,1,1,2,900,900,900,900,900,900,900,900,900,900,900,900,900,4,1,4
185,1,1,1,2,900,900,900,900,900,900,900,900,900,900,900,900,900,900,900,900,900,900,900,900,900,900,900,900,900,900,900,900,900,4,2,4
186,2,1,1,2,900,900,900,900,900,900,900,900,900,900,900,900,900,900,900,900,900,900,900,900,900,900,900,900,900,900,900,900,900,2,1,2
187,1,1,2,2,900,900,900,900,900,900,900,900,900,900,900,900,900,900,900,900,900,900,900,900,900,900,900,900,900,900,900,900,900,3,2,3
188,2,1,1,2,900,900,900,900,900,900,900,900,900,900,900,900,900,900,900,900,900,900,900,900,900,900,900,900,900,900,900,900,900,4,2,4
189,2,2,3,2,900,900,900,900,900,900,900,900,900,900,900,900,900,900,900,900,900,900,900,900,900,900,900,900,900,900,900,900,900,5,2,5
190,1,1,1,2,900,900,900,900,900,900,900,900,900,900,900,900,900,900,900,900,900,900,900,900,900,900,900,900,900,900,900,900,900,5,2,5
191,1,1,1,2,900,900,900,900,900,900,900,900,900,900,900,900,900,900,900,900,900,900,900,900,900,900,900,900,900,900,900,900,900,4,2,4
192,1,2,1,2,900,900,900,900,900,900,900,900,900,900,900,900,900,900,900,900,900,900,900,900,900,900,900,900,900,900,900,900,900,3,2,3
193,1,1,1,2,900,900,900,900,900,900,900,900,900,900,900,900,900,900,900,900,900,900,900,900,900,900,900,900,900,900,900,900,900,4,3,4
195,2,2,1,1,0,1,0,1,0,0,0,0,0,0,0,0,1,2,1,2,900,900,900,900,900,900,900,900,900,900,900,900,900,5,1,5
196,2,1,3,1,1,0,0,1,0,0,0,0,0,0,1,0,0,1,1,2,900,900,900,900,900,900,900,900,900,900,900,900,900,4,1,4
197,1,1,1,2,900,900,900,900,900,900,900,900,900,900,900,900,900,900,900,900,900,900,900,900,900,900,900,900,900,900,900,900,900,5,3,5
198,2,1,1,1,1,0,0,1,0,0,0,0,0,0,1,0,0,1,1,2,900,900,900,900,900,900,900,900,900,900,900,900,900,4,2,4
199,2,2,1,1,1,0,0,1,0,0,0,0,0,0,1,0,0,1,1,2,900,900,900,900,900,900,900,900,900,900,900,900,900,3,1,3
200,1,1,1,1,1,0,0,1,0,1,0,0,0,0,0,0,0,1,2,2,900,900,900,900,900,900,900,900,900,900,900,900,900,4,1,4
201,2,2,1,1,1,0,0,1,0,0,0,0,0,0,1,0,0,2,1,2,900,900,900,900,900,900,900,900,900,900,900,900,900,4,3,4
202,1,1,2,2,900,900,900,900,900,900,900,900,900,900,900,900,900,900,900,900,900,900,900,900,900,900,900,900,900,900,900,900,900,1,1,1
203,2,1,1,2,900,900,900,900,900,900,900,900,900,900,900,900,900,900,900,900,900,900,900,900,900,900,900,900,900,900,900,900,900,3,1,3
204,2,2,1,2,900,900,900,900,900,900,900,900,900,900,900,900,900,900,900,900,900,900,900,900,900,900,900,900,900,900,900,900,900,3,2,3
206,1,1,3,2,900,900,900,900,900,900,900,900,900,900,900,900,900,900,900,900,900,900,900,900,900,900,900,900,900,900,900,900,900,4,2,4
207,2,1,1,2,900,900,900,900,900,900,900,900,900,900,900,900,900,900,900,900,900,900,900,900,900,900,900,900,900,900,900,900,900,5,2,5
208,1,2,1,2,900,900,900,900,900,900,900,900,900,900,900,900,900,900,900,900,900,900,900,900,900,900,900,900,900,900,900,900,900,4,1,4
209,2,1,1,1,1,1,0,1,0,0,0,0,0,1,0,0,0,2,2,2,900,900,900,900,900,900,900,900,900,900,900,900,900,3,3,3
210,1,1,1,2,900,900,900,900,900,900,900,900,900,900,900,900,900,900,900,900,900,900,900,900,900,900,900,900,900,900,900,900,900,4,2,4
211,2,1,1,2,900,900,900,900,900,900,900,900,900,900,900,900,900,900,900,900,900,900,900,900,900,900,900,900,900,900,900,900,900,4,2,4
212,1,1,2,2,900,900,900,900,900,900,900,900,900,900,900,900,900,900,900,900,900,900,900,900,900,900,900,900,900,900,900,900,900,4,2,4
213,2,1,1,2,900,900,900,900,900,900,900,900,900,900,900,900,900,900,900,900,900,900,900,900,900,900,900,900,900,900,900,900,900,4,2,4
214,2,1,1,2,900,900,900,900,900,900,900,900,900,900,900,900,900,900,900,900,900,900,900,900,900,900,900,900,900,900,900,900,900,4,3,4
215,2,1,1,2,900,900,900,900,900,900,900,900,900,900,900,900,900,900,900,900,900,900,900,900,900,900,900,900,900,900,900,900,900,5,2,5
216,1,1,1,2,900,900,900,900,900,900,900,900,900,900,900,900,900,900,900,900,900,900,900,900,900,900,900,900,900,900,900,900,900,4,1,4
217,2,2,1,2,900,900,900,900,900,900,900,900,900,900,900,900,900,900,900,900,900,900,900,900,900,900,900,900,900,900,900,900,900,3,3,3
218,2,1,3,2,900,900,900,900,900,900,900,900,900,900,900,900,900,900,900,900,900,900,900,900,900,900,900,900,900,900,900,900,900,3,3,3
219,1,1,1,2,900,900,900,900,900,900,900,900,900,900,900,900,900,900,900,900,900,900,900,900,900,900,900,900,900,900,900,900,900,3,1,3
220,2,1,1,2,900,900,900,900,900,900,900,900,900,900,900,900,900,900,900,900,900,900,900,900,900,900,900,900,900,900,900,900,900,5,2,5
221,2,1,1,2,900,900,900,900,900,900,900,900,900,900,900,900,900,900,900,900,900,900,900,900,900,900,900,900,900,900,900,900,900,5,2,5
222,2,1,1,2,900,900,900,900,900,900,900,900,900,900,900,900,900,900,900,900,900,900,900,900,900,900,900,900,900,900,900,900,900,5,1,5
223,1,1,2,1,0,0,1,1,0,0,0,1,0,1,0,0,0,2,1,2,900,900,900,900,900,900,900,900,900,900,900,900,900,1,1,1
224,2,1,1,2,900,900,900,900,900,900,900,900,900,900,900,900,900,900,900,900,900,900,900,900,900,900,900,900,900,900,900,900,900,2,1,2
225,2,1,1,1,1,0,0,1,0,0,0,0,0,1,0,0,0,1,1,2,900,900,900,900,900,900,900,900,900,900,900,900,900,3,1,3
226,2,1,1,1,1,0,0,1,0,1,0,1,0,0,0,0,0,1,2,2,900,900,900,900,900,900,900,900,900,900,900,900,900,4,2,4
228,1,2,3,1,1,1,1,1,0,0,0,1,0,0,0,0,0,1,1,2,900,900,900,900,900,900,900,900,900,900,900,900,900,5,2,5
229,1,1,1,2,900,900,900,900,900,900,900,900,900,900,900,900,900,900,900,900,900,900,900,900,900,900,900,900,900,900,900,900,900,3,2,3
230,2,1,1,2,900,900,900,900,900,900,900,900,900,900,900,900,900,900,900,900,900,900,900,900,900,900,900,900,900,900,900,900,900,4,1,4
231,2,1,1,2,900,900,900,900,900,900,900,900,900,900,900,900,900,900,900,900,900,900,900,900,900,900,900,900,900,900,900,900,900,5,2,5
232,1,2,1,2,900,900,900,900,900,900,900,900,900,900,900,900,900,900,900,900,900,900,900,900,900,900,900,900,900,900,900,900,900,4,1,4
233,2,1,3,2,900,900,900,900,900,900,900,900,900,900,900,900,900,900,900,900,900,900,900,900,900,900,900,900,900,900,900,900,900,4,1,4
234,2,2,1,2,900,900,900,900,900,900,900,900,900,900,900,900,900,900,900,900,900,900,900,900,900,900,900,900,900,900,900,900,900,4,2,4
235,2,1,1,2,900,900,900,900,900,900,900,900,900,900,900,900,900,900,900,900,900,900,900,900,900,900,900,900,900,900,900,900,900,5,2,5
236,1,1,2,2,900,900,900,900,900,900,900,900,900,900,900,900,900,900,900,900,900,900,900,900,900,900,900,900,900,900,900,900,900,4,1,4
237,1,1,3,2,900,900,900,900,900,900,900,900,900,900,900,900,900,900,900,900,900,900,900,900,900,900,900,900,900,900,900,900,900,4,2,4
240,1,2,1,2,900,900,900,900,900,900,900,900,900,900,900,900,900,900,900,900,900,900,900,900,900,900,900,900,900,900,900,900,900,4,1,4
241,2,2,1,2,900,900,900,900,900,900,900,900,900,900,900,900,900,900,900,900,900,900,900,900,900,900,900,900,900,900,900,900,900,5,2,5
242,2,1,1,2,900,900,900,900,900,900,900,900,900,900,900,900,900,900,900,900,900,900,900,900,900,900,900,900,900,900,900,900,900,4,1,4
243,2,1,3,1,1,0,0,1,0,1,0,0,0,0,0,0,0,1,1,2,900,900,900,900,900,900,900,900,900,900,900,900,900,4,2,4
244,2,1,1,2,900,900,900,900,900,900,900,900,900,900,900,900,900,900,900,900,900,900,900,900,900,900,900,900,900,900,900,900,900,3,1,3
245,2,1,3,2,900,900,900,900,900,900,900,900,900,900,900,900,900,900,900,900,900,900,900,900,900,900,900,900,900,900,900,900,900,2,1,2
246,2,1,1,2,900,900,900,900,900,900,900,900,900,900,900,900,900,900,900,900,900,900,900,900,900,900,900,900,900,900,900,900,900,4,1,4
247,2,2,1,2,900,900,900,900,900,900,900,900,900,900,900,900,900,900,900,900,900,900,900,900,900,900,900,900,900,900,900,900,900,4,2,4
248,1,1,1,1,1,0,0,1,0,0,0,0,0,1,0,0,0,2,1,2,900,900,900,900,900,900,900,900,900,900,900,900,900,1,3,1
249,1,1,1,2,900,900,900,900,900,900,900,900,900,900,900,900,900,900,900,900,900,900,900,900,900,900,900,900,900,900,900,900,900,3,2,3
251,1,1,1,2,900,900,900,900,900,900,900,900,900,900,900,900,900,900,900,900,900,900,900,900,900,900,900,900,900,900,900,900,900,5,2,5
252,2,2,1,2,900,900,900,900,900,900,900,900,900,900,900,900,900,900,900,900,900,900,900,900,900,900,900,900,900,900,900,900,900,4,2,4
253,1,1,1,1,1,0,0,1,0,1,0,1,1,1,0,0,0,1,2,2,900,900,900,900,900,900,900,900,900,900,900,900,900,1,1,1
254,1,1,1,1,1,0,0,1,0,1,0,0,0,1,0,0,0,2,1,2,900,900,900,900,900,900,900,900,900,900,900,900,900,3,1,3
255,1,1,3,2,900,900,900,900,900,900,900,900,900,900,900,900,900,900,900,900,900,900,900,900,900,900,900,900,900,900,900,900,900,5,1,5
256,1,1,1,1,1,0,0,1,0,0,0,0,0,0,1,0,0,3,1,2,900,900,900,900,900,900,900,900,900,900,900,900,900,4,1,4
257,1,1,1,2,900,900,900,900,900,900,900,900,900,900,900,900,900,900,900,900,900,900,900,900,900,900,900,900,900,900,900,900,900,5,1,5
258,1,1,1,2,900,900,900,900,900,900,900,900,900,900,900,900,900,900,900,900,900,900,900,900,900,900,900,900,900,900,900,900,900,5,1,5
259,2,1,1,2,900,900,900,900,900,900,900,900,900,900,900,900,900,900,900,900,900,900,900,900,900,900,900,900,900,900,900,900,900,5,2,5
260,1,2,1,1,1,0,0,1,0,0,0,0,0,1,0,0,0,4,1,2,900,900,900,900,900,900,900,900,900,900,900,900,900,4,3,4
261,2,1,1,1,1,0,0,1,0,1,0,0,0,0,0,0,0,1,1,2,900,900,900,900,900,900,900,900,900,900,900,900,900,5,1,5
262,2,1,3,2,900,900,900,900,900,900,900,900,900,900,900,900,900,900,900,900,900,900,900,900,900,900,900,900,900,900,900,900,900,2,3,2
263,1,1,1,2,900,900,900,900,900,900,900,900,900,900,900,900,900,900,900,900,900,900,900,900,900,900,900,900,900,900,900,900,900,4,2,4
264,2,1,2,2,900,900,900,900,900,900,900,900,900,900,900,900,900,900,900,900,900,900,900,900,900,900,900,900,900,900,900,900,900,2,1,2
265,1,2,2,1,1,1,0,1,0,1,0,1,1,0,0,0,0,3,1,2,900,900,900,900,900,900,900,900,900,900,900,900,900,5,3,5
267,2,1,1,2,900,900,900,900,900,900,900,900,900,900,900,900,900,900,900,900,900,900,900,900,900,900,900,900,900,900,900,900,900,5,2,5
268,2,1,1,2,900,900,900,900,900,900,900,900,900,900,900,900,900,900,900,900,900,900,900,900,900,900,900,900,900,900,900,900,900,5,1,5
269,2,2,3,2,900,900,900,900,900,900,900,900,900,900,900,900,900,900,900,900,900,900,900,900,900,900,900,900,900,900,900,900,900,3,2,3
270,2,1,2,2,900,900,900,900,900,900,900,900,900,900,900,900,900,900,900,900,900,900,900,900,900,900,900,900,900,900,900,900,900,4,2,4
271,1,2,1,2,900,900,900,900,900,900,900,900,900,900,900,900,900,900,900,900,900,900,900,900,900,900,900,900,900,900,900,900,900,3,2,3
272,1,1,3,1,1,0,0,1,0,0,0,0,0,1,0,0,0,2,1,2,900,900,900,900,900,900,900,900,900,900,900,900,900,5,2,5
273,2,1,1,2,900,900,900,900,900,900,900,900,900,900,900,900,900,900,900,900,900,900,900,900,900,900,900,900,900,900,900,900,900,4,1,4
274,1,1,2,1,1,0,0,1,0,1,0,0,0,0,0,0,0,1,1,2,900,900,900,900,900,900,900,900,900,900,900,900,900,5,2,5
275,2,1,1,2,900,900,900,900,900,900,900,900,900,900,900,900,900,900,900,900,900,900,900,900,900,900,900,900,900,900,900,900,900,4,2,4
277,2,2,2,2,900,900,900,900,900,900,900,900,900,900,900,900,900,900,900,900,900,900,900,900,900,900,900,900,900,900,900,900,900,4,3,4
278,2,1,1,1,0,1,0,1,0,0,0,0,0,1,0,0,0,4,2,2,900,900,900,900,900,900,900,900,900,900,900,900,900,3,1,3
279,2,1,1,2,900,900,900,900,900,900,900,900,900,900,900,900,900,900,900,900,900,900,900,900,900,900,900,900,900,900,900,900,900,5,1,5
280,2,1,1,2,900,900,900,900,900,900,900,900,900,900,900,900,900,900,900,900,900,900,900,900,900,900,900,900,900,900,900,900,900,4,1,4
281,2,2,1,2,900,900,900,900,900,900,900,900,900,900,900,900,900,900,900,900,900,900,900,900,900,900,900,900,900,900,900,900,900,4,2,4
282,2,1,1,2,900,900,900,900,900,900,900,900,900,900,900,900,900,900,900,900,900,900,900,900,900,900,900,900,900,900,900,900,900,3,3,3
283,1,1,1,2,900,900,900,900,900,900,900,900,900,900,900,900,900,900,900,900,900,900,900,900,900,900,900,900,900,900,900,900,900,5,2,5
284,2,1,1,2,900,900,900,900,900,900,900,900,900,900,900,900,900,900,900,900,900,900,900,900,900,900,900,900,900,900,900,900,900,5,1,5
285,1,2,1,1,1,0,0,1,0,0,0,0,0,1,0,0,0,1,1,2,900,900,900,900,900,900,900,900,900,900,900,900,900,5,2,5
286,1,1,1,2,900,900,900,900,900,900,900,900,900,900,900,900,900,900,900,900,900,900,900,900,900,900,900,900,900,900,900,900,900,5,1,5
287,1,2,3,1,1,0,0,1,0,0,0,1,0,0,0,0,0,2,1,2,900,900,900,900,900,900,900,900,900,900,900,900,900,1,2,1
288,2,1,1,2,900,900,900,900,900,900,900,900,900,900,900,900,900,900,900,900,900,900,900,900,900,900,900,900,900,900,900,900,900,4,2,4
289,2,2,1,2,900,900,900,900,900,900,900,900,900,900,900,900,900,900,900,900,900,900,900,900,900,900,900,900,900,900,900,900,900,4,2,4
290,2,1,2,2,900,900,900,900,900,900,900,900,900,900,900,900,900,900,900,900,900,900,900,900,900,900,900,900,900,900,900,900,900,4,3,4
291,2,1,1,2,900,900,900,900,900,900,900,900,900,900,900,900,900,900,900,900,900,900,900,900,900,900,900,900,900,900,900,900,900,3,3,3
292,2,1,1,2,900,900,900,900,900,900,900,900,900,900,900,900,900,900,900,900,900,900,900,900,900,900,900,900,900,900,900,900,900,3,1,3
294,1,1,1,2,900,900,900,900,900,900,900,900,900,900,900,900,900,900,900,900,900,900,900,900,900,900,900,900,900,900,900,900,900,4,2,4
295,1,1,1,1,1,0,0,1,0,0,0,1,1,1,0,0,0,1,1,2,900,900,900,900,900,900,900,900,900,900,900,900,900,4,1,4
296,1,1,1,2,900,900,900,900,900,900,900,900,900,900,900,900,900,900,900,900,900,900,900,900,900,900,900,900,900,900,900,900,900,4,2,4
297,1,1,1,2,900,900,900,900,900,900,900,900,900,900,900,900,900,900,900,900,900,900,900,900,900,900,900,900,900,900,900,900,900,4,2,4
298,1,2,3,2,900,900,900,900,900,900,900,900,900,900,900,900,900,900,900,900,900,900,900,900,900,900,900,900,900,900,900,900,900,3,3,3
299,2,2,1,2,900,900,900,900,900,900,900,900,900,900,900,900,900,900,900,900,900,900,900,900,900,900,900,900,900,900,900,900,900,4,2,4
300,1,1,1,2,900,900,900,900,900,900,900,900,900,900,900,900,900,900,900,900,900,900,900,900,900,900,900,900,900,900,900,900,900,5,2,5
301,1,1,1,1,0,1,0,1,0,1,0,0,0,0,0,0,0,1,2,2,900,900,900,900,900,900,900,900,900,900,900,900,900,3,1,3
304,2,2,1,2,900,900,900,900,900,900,900,900,900,900,900,900,900,900,900,900,900,900,900,900,900,900,900,900,900,900,900,900,900,5,2,5
305,1,1,1,2,900,900,900,900,900,900,900,900,900,900,900,900,900,900,900,900,900,900,900,900,900,900,900,900,900,900,900,900,900,4,2,4
306,2,2,1,2,900,900,900,900,900,900,900,900,900,900,900,900,900,900,900,900,900,900,900,900,900,900,900,900,900,900,900,900,900,4,3,4
307,2,2,3,2,900,900,900,900,900,900,900,900,900,900,900,900,900,900,900,900,900,900,900,900,900,900,900,900,900,900,900,900,900,4,2,4
308,2,2,1,2,900,900,900,900,900,900,900,900,900,900,900,900,900,900,900,900,900,900,900,900,900,900,900,900,900,900,900,900,900,3,1,3
309,1,1,2,2,900,900,900,900,900,900,900,900,900,900,900,900,900,900,900,900,900,900,900,900,900,900,900,900,900,900,900,900,900,2,1,2
310,1,2,1,2,900,900,900,900,900,900,900,900,900,900,900,900,900,900,900,900,900,900,900,900,900,900,900,900,900,900,900,900,900,4,2,4
311,1,1,3,2,900,900,900,900,900,900,900,900,900,900,900,900,900,900,900,900,900,900,900,900,900,900,900,900,900,900,900,900,900,3,2,3
312,1,1,2,2,900,900,900,900,900,900,900,900,900,900,900,900,900,900,900,900,900,900,900,900,900,900,900,900,900,900,900,900,900,4,1,4
313,2,1,3,2,900,900,900,900,900,900,900,900,900,900,900,900,900,900,900,900,900,900,900,900,900,900,900,900,900,900,900,900,900,5,1,5
315,1,1,3,1,1,0,0,1,0,0,0,1,0,0,1,0,0,1,1,2,900,900,900,900,900,900,900,900,900,900,900,900,900,4,3,4
316,1,1,1,2,900,900,900,900,900,900,900,900,900,900,900,900,900,900,900,900,900,900,900,900,900,900,900,900,900,900,900,900,900,2,1,2
317,1,1,1,2,900,900,900,900,900,900,900,900,900,900,900,900,900,900,900,900,900,900,900,900,900,900,900,900,900,900,900,900,900,5,2,5
318,1,1,1,2,900,900,900,900,900,900,900,900,900,900,900,900,900,900,900,900,900,900,900,900,900,900,900,900,900,900,900,900,900,4,1,4
319,2,1,1,2,900,900,900,900,900,900,900,900,900,900,900,900,900,900,900,900,900,900,900,900,900,900,900,900,900,900,900,900,900,3,1,3
320,2,1,1,2,900,900,900,900,900,900,900,900,900,900,900,900,900,900,900,900,900,900,900,900,900,900,900,900,900,900,900,900,900,4,2,4
321,1,1,1,2,900,900,900,900,900,900,900,900,900,900,900,900,900,900,900,900,900,900,900,900,900,900,900,900,900,900,900,900,900,3,3,3
322,1,1,1,2,900,900,900,900,900,900,900,900,900,900,900,900,900,900,900,900,900,900,900,900,900,900,900,900,900,900,900,900,900,4,2,4
323,1,1,1,2,900,900,900,900,900,900,900,900,900,900,900,900,900,900,900,900,900,900,900,900,900,900,900,900,900,900,900,900,900,2,2,2
324,1,1,1,2,900,900,900,900,900,900,900,900,900,900,900,900,900,900,900,900,900,900,900,900,900,900,900,900,900,900,900,900,900,4,1,4
325,1,1,1,2,900,900,900,900,900,900,900,900,900,900,900,900,900,900,900,900,900,900,900,900,900,900,900,900,900,900,900,900,900,4,1,4
326,2,2,1,2,900,900,900,900,900,900,900,900,900,900,900,900,900,900,900,900,900,900,900,900,900,900,900,900,900,900,900,900,900,3,3,3
327,1,1,2,2,900,900,900,900,900,900,900,900,900,900,900,900,900,900,900,900,900,900,900,900,900,900,900,900,900,900,900,900,900,3,2,3
328,2,1,1,2,900,900,900,900,900,900,900,900,900,900,900,900,900,900,900,900,900,900,900,900,900,900,900,900,900,900,900,900,900,3,2,3
329,1,1,1,2,900,900,900,900,900,900,900,900,900,900,900,900,900,900,900,900,900,900,900,900,900,900,900,900,900,900,900,900,900,3,2,3
330,2,1,1,2,900,900,900,900,900,900,900,900,900,900,900,900,900,900,900,900,900,900,900,900,900,900,900,900,900,900,900,900,900,3,1,3
332,1,1,1,2,900,900,900,900,900,900,900,900,900,900,900,900,900,900,900,900,900,900,900,900,900,900,900,900,900,900,900,900,900,4,2,4
333,2,2,1,2,900,900,900,900,900,900,900,900,900,900,900,900,900,900,900,900,900,900,900,900,900,900,900,900,900,900,900,900,900,4,3,4
334,1,1,2,2,900,900,900,900,900,900,900,900,900,900,900,900,900,900,900,900,900,900,900,900,900,900,900,900,900,900,900,900,900,4,2,4
335,2,2,1,1,1,1,0,1,0,0,0,0,0,1,0,0,0,2,2,2,900,900,900,900,900,900,900,900,900,900,900,900,900,5,1,5
336,2,1,1,2,900,900,900,900,900,900,900,900,900,900,900,900,900,900,900,900,900,900,900,900,900,900,900,900,900,900,900,900,900,4,1,4
337,1,1,1,1,1,0,0,1,0,0,0,0,0,1,0,0,0,4,1,2,900,900,900,900,900,900,900,900,900,900,900,900,900,4,2,4
338,1,1,1,2,900,900,900,900,900,900,900,900,900,900,900,900,900,900,900,900,900,900,900,900,900,900,900,900,900,900,900,900,900,3,2,3
339,2,1,1,2,900,900,900,900,900,900,900,900,900,900,900,900,900,900,900,900,900,900,900,900,900,900,900,900,900,900,900,900,900,4,2,4
340,2,1,1,2,900,900,900,900,900,900,900,900,900,900,900,900,900,900,900,900,900,900,900,900,900,900,900,900,900,900,900,900,900,4,2,4
341,2,1,1,2,900,900,900,900,900,900,900,900,900,900,900,900,900,900,900,900,900,900,900,900,900,900,900,900,900,900,900,900,900,4,3,4
342,2,1,3,2,900,900,900,900,900,900,900,900,900,900,900,900,900,900,900,900,900,900,900,900,900,900,900,900,900,900,900,900,900,3,2,3
343,2,1,1,1,1,0,0,1,0,1,0,0,0,0,0,0,0,1,1,2,900,900,900,900,900,900,900,900,900,900,900,900,900,4,1,4
344,2,1,1,1,1,0,0,1,1,0,0,0,1,0,0,0,0,1,1,2,900,900,900,900,900,900,900,900,900,900,900,900,900,5,2,5
345,2,1,1,2,900,900,900,900,900,900,900,900,900,900,900,900,900,900,900,900,900,900,900,900,900,900,900,900,900,900,900,900,900,4,1,4
346,2,1,1,2,900,900,900,900,900,900,900,900,900,900,900,900,900,900,900,900,900,900,900,900,900,900,900,900,900,900,900,900,900,5,2,5
347,2,1,1,2,900,900,900,900,900,900,900,900,900,900,900,900,900,900,900,900,900,900,900,900,900,900,900,900,900,900,900,900,900,4,2,4
348,2,1,1,1,1,0,0,1,0,1,0,0,0,0,0,0,0,1,2,2,900,900,900,900,900,900,900,900,900,900,900,900,900,4,1,4
349,2,1,1,2,900,900,900,900,900,900,900,900,900,900,900,900,900,900,900,900,900,900,900,900,900,900,900,900,900,900,900,900,900,3,2,3
351,2,2,1,2,900,900,900,900,900,900,900,900,900,900,900,900,900,900,900,900,900,900,900,900,900,900,900,900,900,900,900,900,900,5,2,5
352,2,2,1,2,900,900,900,900,900,900,900,900,900,900,900,900,900,900,900,900,900,900,900,900,900,900,900,900,900,900,900,900,900,3,2,3
353,2,2,1,2,900,900,900,900,900,900,900,900,900,900,900,900,900,900,900,900,900,900,900,900,900,900,900,900,900,900,900,900,900,3,3,3
354,1,2,1,2,900,900,900,900,900,900,900,900,900,900,900,900,900,900,900,900,900,900,900,900,900,900,900,900,900,900,900,900,900,5,2,5
355,2,2,1,1,1,0,0,1,0,0,0,0,0,0,1,0,0,1,1,2,900,900,900,900,900,900,900,900,900,900,900,900,900,4,2,4
356,1,2,1,2,900,900,900,900,900,900,900,900,900,900,900,900,900,900,900,900,900,900,900,900,900,900,900,900,900,900,900,900,900,5,2,5
357,2,2,1,2,900,900,900,900,900,900,900,900,900,900,900,900,900,900,900,900,900,900,900,900,900,900,900,900,900,900,900,900,900,4,2,4
358,2,2,1,2,900,900,900,900,900,900,900,900,900,900,900,900,900,900,900,900,900,900,900,900,900,900,900,900,900,900,900,900,900,4,2,4
359,2,2,1,1,1,0,0,1,0,0,0,1,0,0,1,0,0,2,1,2,900,900,900,900,900,900,900,900,900,900,900,900,900,5,2,5
360,2,2,1,2,900,900,900,900,900,900,900,900,900,900,900,900,900,900,900,900,900,900,900,900,900,900,900,900,900,900,900,900,900,5,3,5
361,1,2,2,2,900,900,900,900,900,900,900,900,900,900,900,900,900,900,900,900,900,900,900,900,900,900,900,900,900,900,900,900,900,4,1,4
362,1,2,1,2,900,900,900,900,900,900,900,900,900,900,900,900,900,900,900,900,900,900,900,900,900,900,900,900,900,900,900,900,900,5,2,5
363,1,2,1,2,900,900,900,900,900,900,900,900,900,900,900,900,900,900,900,900,900,900,900,900,900,900,900,900,900,900,900,900,900,5,2,5
364,1,1,1,2,900,900,900,900,900,900,900,900,900,900,900,900,900,900,900,900,900,900,900,900,900,900,900,900,900,900,900,900,900,5,1,5
365,2,1,2,2,900,900,900,900,900,900,900,900,900,900,900,900,900,900,900,900,900,900,900,900,900,900,900,900,900,900,900,900,900,3,1,3
366,1,2,1,1,1,0,0,1,0,0,0,0,0,0,1,0,0,1,1,2,900,900,900,900,900,900,900,900,900,900,900,900,900,4,3,4
367,1,1,1,1,0,1,1,1,0,0,0,0,0,0,1,0,0,1,1,2,900,900,900,900,900,900,900,900,900,900,900,900,900,5,1,5
368,1,2,1,2,900,900,900,900,900,900,900,900,900,900,900,900,900,900,900,900,900,900,900,900,900,900,900,900,900,900,900,900,900,4,2,4
369,1,1,2,1,0,1,1,0,1,0,0,0,0,1,0,0,0,3,1,2,900,900,900,900,900,900,900,900,900,900,900,900,900,3,1,3
370,1,2,1,1,0,1,0,1,0,1,0,0,0,0,0,0,0,1,2,2,900,900,900,900,900,900,900,900,900,900,900,900,900,4,1,4
371,1,2,2,1,1,0,0,1,0,0,0,1,0,0,0,0,0,2,1,2,900,900,900,900,900,900,900,900,900,900,900,900,900,5,2,5
372,2,2,1,2,900,900,900,900,900,900,900,900,900,900,900,900,900,900,900,900,900,900,900,900,900,900,900,900,900,900,900,900,900,3,3,3
374,1,2,1,2,900,900,900,900,900,900,900,900,900,900,900,900,900,900,900,900,900,900,900,900,900,900,900,900,900,900,900,900,900,1,1,1
375,1,2,2,2,900,900,900,900,900,900,900,900,900,900,900,900,900,900,900,900,900,900,900,900,900,900,900,900,900,900,900,900,900,5,1,5
376,2,2,1,2,900,900,900,900,900,900,900,900,900,900,900,900,900,900,900,900,900,900,900,900,900,900,900,900,900,900,900,900,900,5,1,5
377,2,2,1,1,0,1,0,1,0,0,0,0,0,1,0,0,0,4,2,2,900,900,900,900,900,900,900,900,900,900,900,900,900,4,1,4
378,1,1,3,1,1,0,0,1,0,0,0,0,0,1,0,0,0,1,1,2,900,900,900,900,900,900,900,900,900,900,900,900,900,3,1,3
379,1,1,2,1,0,1,0,1,0,0,0,0,0,0,1,0,0,2,1,2,900,900,900,900,900,900,900,900,900,900,900,900,900,2,1,2
380,2,2,1,2,900,900,900,900,900,900,900,900,900,900,900,900,900,900,900,900,900,900,900,900,900,900,900,900,900,900,900,900,900,3,2,3
381,2,1,1,2,900,900,900,900,900,900,900,900,900,900,900,900,900,900,900,900,900,900,900,900,900,900,900,900,900,900,900,900,900,4,2,4
382,2,1,1,2,900,900,900,900,900,900,900,900,900,900,900,900,900,900,900,900,900,900,900,900,900,900,900,900,900,900,900,900,900,4,2,4
383,2,1,1,2,900,900,900,900,900,900,900,900,900,900,900,900,900,900,900,900,900,900,900,900,900,900,900,900,900,900,900,900,900,4,1,4
384,2,1,1,2,900,900,900,900,900,900,900,900,900,900,900,900,900,900,900,900,900,900,900,900,900,900,900,900,900,900,900,900,900,3,2,3
385,1,1,1,2,900,900,900,900,900,900,900,900,900,900,900,900,900,900,900,900,900,900,900,900,900,900,900,900,900,900,900,900,900,4,2,4
386,2,1,1,2,900,900,900,900,900,900,900,900,900,900,900,900,900,900,900,900,900,900,900,900,900,900,900,900,900,900,900,900,900,5,2,5
387,2,2,1,1,0,1,0,1,0,0,0,0,1,0,0,0,0,2,1,2,900,900,900,900,900,900,900,900,900,900,900,900,900,2,1,2
388,2,1,1,1,1,0,0,1,0,0,0,0,1,0,0,0,0,2,1,2,900,900,900,900,900,900,900,900,900,900,900,900,900,3,2,3